path,title,source,hash,content_type,width,height,size
assets/AdobeStock_257697493_Video_HD_Preview.mov,AdobeStock_257697493_Video_HD_Preview,Local,6f35d285b3c274a611c6ec0107c08aafe0c0f12b,video/mp4,0,0,3092903
assets/home-pants.jpg,home-pants,Local,bcc81d1b7d69e3e058b76b2c23753f4f7ab7d814,image/jpg,800,1200,92390
assets/take-it-from-erin-01.jpg,take-it-from-erin-01,Local,95ab7be712b082ed58e71022296fb60c72ccb68a,image/jpg,800,1200,141052
assets/home-performance-01.jpg,home-performance-01,Local,783514e2fa27423b440763b08ac24a6f7fa3f65c,image/jpg,800,1200,65725
assets/mens-main-01.jpg,mens-main-01,Local,9c7ff8f0f3ff5b77d95fdd1e009608071ed2000b,image/jpg,800,1200,88433
assets/home-erin-01.jpg,home-erin-01,Local,2775184730fb9abbc7804d29f23ad265738a221a,image/jpg,800,1200,71485
assets/womens-main-yoga-01.jpg,womens-main-yoga-01,Local,2c8b10b1a2ce2d1b03d1d4796b2bf6601908d229,image/jpg,800,1200,97833
assets/sale-01.jpg,sale-01,Local,bda9c0d130e05494cae6ae0e144bab4e9b1709da,image/jpg,800,1200,83028
assets/sports-gear-01.jpg,sports-gear-01,Local,bda9c0d130e05494cae6ae0e144bab4e9b1709da,image/jpg,800,1200,83028
assets/special-banner-01.jpg,special-banner-01,Local,29381510e6348a09d18a6044d7665407cbbfb942,image/jpg,1532,1678,175803
assets/moma.svg,moma,Local,2556d2a551cf6bacc9c1436c8501a9f021f8059e,image/svg,0,0,777
assets/nike.svg,nike,Local,982fdbac5992317801e80e5b23c606ce7313122e,image/svg,0,0,966
assets/mcd.svg,mcd,Local,ddcffb546b03f3974477c778931228b31a479901,image/svg,0,0,1714
assets/marvel.svg,marvel,Local,8ceb3427fb7c1be8f947d4d545df39599a9df52c,image/svg,0,0,3229
assets/coca-cola-4-logo-svgrepo-com.svg,coca-cola-4-logo-svgrepo-com,Local,b04527ef83b7d0a08b69b5a26d09007ccd9619fd,image/svg,0,0,13132
assets/canned-beer-5-svgrepo-com.svg,canned-beer-5-svgrepo-com,Local,ea01817ee42676d51d94b701ab639dc4debaf2d2,image/svg,0,0,17912
assets/example-backstory.jpeg,example-backstory,Local,fb9d3ee66a083913cedb62c4f62448e441231eb0,image/jpeg,1192,1589,1766866
assets/AdobeStock_369449748_Video_HD_Preview.mov,AdobeStock_369449748_Video_HD_Preview,Local,dfe74b3036925031a7f58cb3ff3448de6d6ecf78,video/mp4,0,0,9442131
assets/AdobeStock_328213242_Video_HD_Preview.mov,AdobeStock_328213242_Video_HD_Preview,Local,8654b3a1f6fe831681c07cbd3bda71524afe853b,video/mp4,0,0,6906408
assets/pexels-karolina-grabowska-7692246.jpg,pexels-karolina-grabowska-7692246,Local,ca2b42a9fec4a55259103ba270c04a8a06ace347,image/jpg,1920,2880,457355
assets/AdobeStock_222315979_Preview.jpeg,AdobeStock_222315979_Preview,Local,aa64da108ef5567554e0b5f0200cc358a79e1e1b,image/jpeg,667,1000,151235
assets/AdobeStock_314993470_Preview.jpeg,AdobeStock_314993470_Preview,Local,ca9e4653f9631d06858befc26c05f831fbff681d,image/jpeg,750,1000,160440
assets/AdobeStock_563773153_Video_HD_Preview.mov,AdobeStock_563773153_Video_HD_Preview,Local,2200bd713657e3a2ea567d849298cf09f1594c4e,video/mp4,0,0,1967129
assets/AdobeStock_712626843_Preview.jpeg,AdobeStock_712626843_Preview,Local,00f919a44f94de6f1344957db900a4413a434c27,image/jpeg,1000,560,177457
assets/AdobeStock_782943634_Preview.jpg,AdobeStock_782943634_Preview,Local,d9e8eadbd390361a319a06b5159eec7fac878b22,image/jpg,3162,4741,842869
assets/AdobeStock_782943719_Preview.jpg,AdobeStock_782943719_Preview,Local,b724d1aee4ff114d037151737b1a2a5c78d6e74d,image/jpg,3162,4741,1097302
assets/AdobeStock_782943859_Preview.jpg,AdobeStock_782943859_Preview,Local,771c28639b5b3b06b84d8419eda8333ff0a44e03,image/jpg,3162,4741,1171566
assets/AdobeStock_782943800_Preview.jpg,AdobeStock_782943800_Preview,Local,55f76721a78e36c7314faf989eb5480200683e4b,image/jpg,3162,4741,883552
assets/AdobeStock_569644095_Preview.jpg,AdobeStock_569644095_Preview,Local,0ad737a7776b3c6605ec5cb10e0cf376df55385d,image/jpg,1000,1000,96506